Characteristics,HC (n=73),BD (n=0),MDD (n=0),SZ (n=69),OCD (n=0),R,p
Gender (M/F),50/23,0/0,0/0,55/14,0/0,-0.12772236769636588,0.1298367124714358
Age (Mean±Std),35.95±11.61,nan±nan,nan±nan,37.99±13.67,nan±nan,0.05915064422244936,0.4843996693957692
