Characteristics,HC (n=20),BD (n=0),MDD (n=19),SZ (n=0),OCD (n=0),R,p
Gender (M/F),9/11,0/0,8/11,0/0,0/0,0.02917864268355349,0.8600352184881691
Age (Mean±Std),29.45±11.26,nan±nan,33.53±13.72,nan±nan,nan±nan,0.13699761772581423,0.40560893184556224
