Characteristics,HC (n=21),BD (n=0),MDD (n=51),SZ (n=0),OCD (n=0),R,p
Gender (M/F),6/15,0/0,13/38,0/0,0/0,0.031776383570496815,0.7910252435268467
Age (Mean±Std),33.81±8.49,nan±nan,32.78±8.89,nan±nan,nan±nan,-0.06843324078024333,0.5678756690860323
