Characteristics,HC (n=300),BD (n=461),MDD (n=169),SZ (n=1278),OCD (n=268),R,p
Gender (M/F),153/147,190/271,68/101,649/629,162/106,-0.08088873138357126,5.58841674128076e-05
Age (Mean±Std),35.91±14.47,32.98±14.85,31.02±14.46,39.82±15.61,29.22±9.40,0.05411707807708814,0.007071706951675307
