Characteristics,HC (n=926),BD (n=38),MDD (n=237),SZ (n=145),OCD (n=0),R,p
Gender (M/F),524/402,24/14,125/112,85/60,0/0,0.006048298057865481,0.8245512793379944
Age (Mean±Std),36.16±15.28,34.26±9.21,42.49±12.25,38.04±10.90,nan±nan,0.17817152382420495,4.597969406690017e-11
