Characteristics,HC (n=120),BD (n=48),MDD (n=0),SZ (n=44),OCD (n=0),R,p
Gender (M/F),63/57,28/20,0/0,33/11,0/0,-0.16423968646511516,0.01668830909435413
Age (Mean±Std),31.12±8.62,35.56±8.91,nan±nan,36.25±9.06,nan±nan,0.2573445246305436,0.000151345130086622
