Characteristics,HC (n=20),BD (n=0),MDD (n=0),SZ (n=23),OCD (n=0),R,p
Gender (M/F),12/8,0/0,0/0,17/6,0/0,-0.148094197041135,0.3432605959904177
Age (Mean±Std),20.66±5.15,nan±nan,nan±nan,24.26±3.74,nan±nan,0.35693104955846106,0.01879549777608979
